{
  "name": "peas",
  "authors": [
    "EEXCESS INSA"
  ],
  "description": "Description of PEAS",
  "main": [
    "peas_indist.js",
    "peas_adapt.js"
  ],
  "moduleType": [
    "amd",
    "globals"
  ],
  "license": "MIT",
  "ignore": [
    "**/.*",
    "bower_components"
  ],
  "dependencies": {
    "jquery": "~2.1.4",
    "requirejs": "~2.1.17",
    "graph": "https://github.com/tantalor/graphjs.git"
  },
  "devDependencies": {
    "jquery": "~2.1.4",
    "requirejs": "~2.1.17",
    "graph": "https://github.com/tantalor/graphjs.git"
  },
  "homepage": "https://github.com/EEXCESS/peas",
  "_release": "27c460d51c",
  "_resolution": {
    "type": "branch",
    "branch": "master",
    "commit": "27c460d51c72d7abc71deb3bcd1b28f4c07d83bd"
  },
  "_source": "https://github.com/EEXCESS/peas.git",
  "_target": "*",
  "_originalSource": "https://github.com/EEXCESS/peas.git"
}