{
  "Item-1": {
    "id": "Item-1",
    "type": "book",
    "title": "Digital Typography",
    "publisher": "Center for the Study of Language and Information",
    "number-of-pages": "685",
    "source": "Amazon.com",
    "ISBN": "1575860104",
    "author": [
      {
        "family": "Knuth",
        "given": "Donald E."
      }
    ],
    "issued": {
      "date-parts": [
        [
          "1998",
          6,
          1
        ]
      ]
    }
  },
  "Item-2": {
    "id": "Item-2",
    "type": "book",
    "title": "Mastering Regular Expressions",
    "publisher": "O'Reilly Media",
    "number-of-pages": "544",
    "edition": "3",
    "source": "Amazon.com",
    "ISBN": "0596528124",
    "author": [
      {
        "family": "Friedl",
        "given": "Jeffrey E. F."
      }
    ],
    "issued": {
      "date-parts": [
        [
          "2006",
          8,
          15
        ]
      ]
    }
  },
  "Item-3": {
    "id": "Item-3",
    "type": "article-journal",
    "title": "The Westlaw System: A Different Approach to Computer-Assisted Legal Research",
    "container-title": "Jurimetrics Journal",
    "page": "142",
    "volume": "16",
    "URL": "http://heinonline.org/HOL/Page?handle=hein.journals/juraba16&id=152&div=&collection=journals",
    "journalAbbreviation": "Jurimetrics J.",
    "author": [
      {
        "family": "Sprowl",
        "given": "James A."
      }
    ],
    "issued": {
      "date-parts": [
        [
          "1975"
        ]
      ],
      "season": "1976"
    }
  },
  "Item-4": {
    "id": "Item-4",
    "type": "article-journal",
    "key": "ZFJBKWP6",
    "title": "John B. West: Founder of the West Publishing Company",
    "container-title": "American Journal of Legal History",
    "page": "1-22",
    "volume": "50",
    "issue": "1",
    "source": "JSTOR",
    "URL": "http://www.jstor.org/stable/25664481",
    "DOI": "10.2307/25664481",
    "ISSN": "0002-9319",
    "note": "ArticleType: research-article / Full publication date: JANUARY 2008-2010 / Copyright © 2008 Temple University",
    "shortTitle": "John B. West",
    "journalAbbreviation": "The American Journal of Legal History",
    "author": [
      {
        "family": "Jarvis",
        "given": "Robert M."
      }
    ],
    "issued": {
      "date-parts": [
        [
          "2008",
          1,
          1
        ]
      ]
    },
    "accessed": {
      "date-parts": [
        [
          "2013",
          4,
          7
        ]
      ]
    }
  }
}
